Accounting,Accounts Officers/Clerks,Accounts Payable,Accounts Receivable,Analysis & Reporting,Assistant Accountants,Audit,Bookkeeping,Small Business,Business Services,Corporate Advisory,Secretary,Risk,Cost Accounting,Reporting,Forensic,Inventory,Management,Payroll,Strategy,Taxation,Other,
Administration & Office Support,Assistant,Contracts,Data Entry,Office Management,Receptionist,Document Control,Other,
Advertising/Arts/Media,Agency Account Management,Art Direction,Editing & Publishing,Event Management,Journalism & Writing,Management,Media Strategy,Planning & Buying,Performing Arts,Photography,Programming & Production,Promotions,Other,
Banking & Financial Services,Account & Relationship Management,Analysis & Reporting,Banking - Business,Banking - Corporate & Institutional,Banking - Retail/Branch,Client Services,Compliance & Risk,Corporate Finance,Investment Banking,Credit,Financial Planning,Funds Management,Mortgages,Settlements,Stockbroking & Trading,Treasury,Other,
Call Centre & Customer Service,Collections,Call Centre,Customer Facing,Management & Support,Sales - Inbound,Sales - Outbound,Supervisors/Team Leaders,Other,
CEO & General Management,Board Appointments,CEO,COO & MD,General/Business Unit Manager,Other,
Community Services,Aged & Disability Support,Child Welfare/Youth & Family Services,Community Development,Employment Services,Fundraising,Housing & Homelessness Services,Indigenous & Multicultural Services,Management,Volunteer Coordination & Support,Other,
Computer Science,Software,JIRA,Programming,Support,Other,
Construction,Contracts Management,Estimating,Foreperson/Supervisors,Health/Safety/Environment,Management,Planning & Scheduling,Plant & Machinery Operators,Project Management,Quality Assurance & Control,Surveying,Other,
Consulting & Strategy,Analyst,Corporate Development,Environment & Sustainability Consulting,Management & Change Consulting,Policy,Strategy & Planning,Other,
Design & Architecture,Architecture Drafting,Architecture,Fashion & Textile Design,Graphic Design,Illustration & Animation,Industrial Design,Interior Design,Landscape Architecture,Urban Design & Planning,Web & Interaction,Other,
Education & Training,Childcare & Outside School Hours Care,Library Services,Management - Schools,Management - Universities,Management - Vocational,Research & Fellowships,Student Services,Teaching - Early Childhood,Teaching - Primary,Teaching - Secondary,Teaching - Tertiary,Teaching - Vocational,Teaching Aides & Special Needs,Tutoring,Workplace Training & Assessment,Other,
Engineering,Aerospace Engineering,Automotive Engineering,Building Services Engineering,Chemical Engineering,Civil/Structural Engineering,Electrical/Electronic Engineering,Engineering Drafting,Environmental Engineering,Field Engineering,Industrial Engineering,Maintenance,Management,Materials Handling Engineering,Mechanical Engineering,Process Engineering,Project Engineering,Project Management,Supervisors,Systems Engineering,Waste & Water Engineering,Other,
Farming/Animals & Conservation,Agronomy & Farm Services,Conservation/Parks & Wildlife,Farm Labour,Farm Management,Fishing & Aquaculture,Horticulture,Veterinary Services & Animal Welfare,Winery & Viticulture,Other,
Government & Defence,Air Force,Army,Emergency Services,Government - Federal,Government - Local,Government - State,Navy,Police & Corrections,Policy,Planning & Regulation,Other,
Healthcare & Medical,Ambulance/Paramedics,Chiropractic & Osteopathic,Clinical/Medical Research,Dental,Dieticians,Environmental Services,General Practitioners,Management,Medical Administration,Medical Imaging,Medical Specialists,Natural Therapies & Alternative Medicine,Nursing - A&E/Critical Care & ICU,Nursing - Aged Care,Nursing - Community/Maternal & Child Health,Nursing - Educators & Facilitators,Nursing - General Medical & Surgical,Nursing - High Acuity,Nursing - Management,Nursing - Midwifery/Neo-Natal/SCN & NICU,Nursing - Paediatric & PICU,Nursing - Psych,Forensic & Correctional Health,Nursing - Theatre & Recovery,Optical,Pathology,Pharmaceuticals & Medical Devices,Pharmacy,Physiotherapy/OT & Rehabilitation,Psychology/Counselling & Social Work,Residents & Registrars,Sales,Speech Therapy,Other,
Hospitality & Tourism,Airlines,Bar & Beverage Staff,Chefs/Cooks,Front Office & Guest Services,Gaming,Housekeeping,Kitchen & Sandwich Hands,Management,Reservations,Tour Guides,Travel Agents/Consultants,Waiting Staff,Other,
Human Resources & Recruitment,Consulting & Generalist HR,Industrial & Employee Relations,Management - Agency,Management - Internal,Occupational Health & Safety,Organisational Development,Recruitment - Agency,Recruitment - Internal,Remuneration & Benefits,Training & Development,Other,
Information & Communication Technology,Architects,Business/Systems Analyst,Computer Operators,Consultants,Database Development & Administration,Developers/Programmers,Engineering - Hardware,Engineering - Network,Engineering - Software,Help Desk & IT Support,Management,Networks & Systems Administration,Product Management & Development,Programme & Project Management,Sales - Pre & Post,Security,Team Leaders,Technical Writing,Telecommunications,Testing & Quality Assurance,Web Development & Production,Other,
Insurance & Superannuation,Actuarial,Assessment,Brokerage,Claims,Fund Administration,Management,Risk Consulting,Superannuation,Underwriting,Workers' Compensation,Other,
Legal,Banking & Finance Law,Construction Law,Corporate & Commercial Law,Criminal & Civil Law,Environment & Planning Law,Family Law,Generalists - In-house,Generalists - Law Firm,Industrial Relations & Employment Law,Insurance & Superannuation Law,Intellectual Property Law,Law Clerks & Paralegals,Legal Practice Management,Legal Secretaries,Litigation & Dispute Resolution,Personal Injury Law,Property Law,Tax Law,Other,
Manufacturing/Transport & Logistics,Analysis & Reporting,Assembly & Process Work,Aviation Services,Couriers/Drivers & Postal Services,Fleet Management,Freight/Cargo Forwarding,Import/Export & Customs,Machine Operators,Management,Pattern Makers & Garment Technicians,Pickers & Packers,Production/Planning & Scheduling,Public Transport & Taxi Services,Purchasing/Procurement & Inventory,Quality Assurance & Control,Rail & Maritime Transport,Road Transport,Team Leaders/Supervisors,Warehousing/Storage & Distribution,Other,
Marketing & Communications,Brand Management,Digital & Search Marketing,Direct Marketing & CRM,Event Management,Internal Communications,Management,Market Research & Analysis,Marketing Assistants/Coordinators,Marketing Communications,Product Management & Development,Public Relations & Corporate Affairs,Trade Marketing,Other,
Mining/Resources & Energy,Analysis & Reporting,Health/Safety & Environment,Management,Mining - Drill & Blast,Mining - Engineering & Maintenance,Mining - Exploration & Geoscience,Mining - Operations,Mining - Processing,Natural Resources & Water,Oil & Gas - Drilling,Oil & Gas - Engineering & Maintenance,Oil & Gas - Exploration & Geoscience,Oil & Gas - Operations,Oil & Gas - Production & Refinement,Power Generation & Distribution,Surveying,Other,
Real Estate & Property,Administration,Analysts,Body Corporate & Facilities Management,Commercial Sales/Leasing & Property Management,Residential Leasing & Property Management,Residential Sales,Retail & Property Development,Valuation,Other,
Retail & Consumer Products,Buying,Management - Area/Multi-site,Management - Department/Assistant,Management - Store,Merchandisers,Planning,Retail Assistants,Other,
Sales,Account & Relationship Management,Analysis & Reporting,Management,New Business Development,Sales Coordinators,Sales Representatives/Consultants,Other,
Science & Technology,Biological & Biomedical Sciences,Biotechnology & Genetics,Chemistry & Physics,Environmental/Earth & Geosciences,Food Technology & Safety,Laboratory & Technical Services,Materials Sciences,Mathematics/Statistics & Informational Sciences,Modelling & Simulation,Quality Assurance & Control,Other,
Self Employment,Self Employment,Other,
Sport & Recreation,Coaching & Instruction,Fitness & Personal Training,Management,Other,
Trades & Services,Air Conditioning & Refrigeration,Automotives Trades,Bakers & Pastry Chefs,Building Trades,Butchers,Carpentry & Cabinet Making,Cleaning Services,Electricians,Fitters/Turners & Machinists,Floristry,Gardening & Landscaping,Hair & Beauty Services,Labourers,Locksmiths,Maintenance & Handyperson Services,Nannies & Babysitters,Painters & Sign Writers,Plumbers,Printing & Publishing Services,Security Services,Tailors & Dressmakers,Technicians,Welders & Boilermakers,Other,