jobTitle,keywords
Software Developer,immigration
Influencer,immigration
Tester,PeopleSoft
Main Test Analyst,PeopleSoft
Payroll Officer,protocols
Communications Officer,protocols
Plumber,JIRA
Senior Test Analyst,JIRA
Graphic Designer,performance improvement
Junior Business Analyst,performance improvement
Lead Designer,recruitment
Accounts Payable Officer,recruitment
Chief Operating Officer,standardization
Transformation Lead,standardization
Customer Service Officer,SQL
Videographer,SQL
Radiologist,UI
Store Owner,UI
Product Analyst,iPhone
Team Leader,iPhone
Electrician,sales management
Painter,sales management
Payroll Officer,support services
Graphic Designer,support services
Social Media Producer,UI
Barista,UI
Web Developer,regulatory
Leader Designer,regulatory
Plumber,protocols
Customer Service Officer, Customer
Customer Service Officer, Service
Customer Service Officer, Officer
