jobCategorySecondary,jobCategoryTertiary
Accounts Officers/Clerks,Accounts Payable
Assistant,Contracts
Agency Account Management,Art Direction
Account & Relationship Management,Analysis & Reporting
Collections,Call Centre
Board Appointments,CEO
Aged & Disability Support,Child Welfare/Youth & Family Services
Contracts Management,Estimating
Analyst,Corporate Development
Architecture Drafting,Architecture
Childcare & Outside School Hours Care,Library Services
Aerospace Engineering,Automotive Engineering
Agronomy & Farm Services,Conservation/Parks & Wildlife
Air Force,Army
Ambulance/Paramedics,Chiropractic & Osteopathic
Airlines,Bar & Beverage Staff
Consulting & Generalist HR,Industrial & Employee Relations
Architects,Business/Systems Analyst
Actuarial,Assessment
Banking & Finance Law,Construction Law
Analysis & Reporting,Assembly & Process Work
Brand Management,Digital & Search Marketing
Analysis & Reporting,Health/Safety & Environment
Administration,Analysts
Buying,Management - Area/Multi-site
Account & Relationship Management,Analysis & Reporting
Biological & Biomedical Sciences,Biotechnology & Genetics
Self Employment,Other
Coaching & Instruction,Fitness & Personal Training
,Automotives Trades
